name,email,datebirth,address,currency
Idola Kline,pharetra.ut.pharetra@hotmail.com,07-09-1995,Tapachula,"6,361.06€"
Yardley Christian,in.felis@aol.edu,02-08-2000,Armidale,175.99€
Oren Carey,lorem.fringilla.ornare@google.org,03-03-1992,Brive-la-Gaillarde,"3,792.77€"
Azalia Arnold,pellentesque.massa@protonmail.com,19-11-1984,Mulhouse,"7,854.11€"
Lev Pacheco,tempus.lorem@protonmail.org,11-01-1972,Kohlu,"2,146.32€"
Charissa Justice,et.libero.proin@protonmail.couk,10-01-2011,Khyber Agency,"5,745.63€"
Brynne Bradshaw,luctus.sit.amet@yahoo.org,12-04-1995,Ham-sur-Heure,"7,837.40€"
Scott Mays,semper.tellus@google.edu,27-02-1968,Bida,"2,740.02€"
Jamal Underwood,lacus.quisque@hotmail.net,14-02-1996,Guápiles,"5,823.97€"
Isabelle Hale,erat@yahoo.com,12-04-1981,Yeosu,"8,599.99€"
Urielle Hansen,erat.volutpat@protonmail.com,25-12-1993,Sarpsborg,"4,269.81€"
Price Mckee,libero.nec@google.net,13-06-1958,Pontevedra,"9,062.52€"
Brady Stewart,dapibus.ligula.aliquam@google.edu,19-07-1969,Bedok,892.48€
Sarah Kennedy,ornare.sagittis@outlook.org,03-07-1977,Subiaco,784.11€
Devin Greer,vehicula.aliquet@google.org,10-03-2022,Dublin,"7,114.69€"
Maryam Freeman,quis.tristique@aol.org,17-11-1999,Ebenthal in Kärnten,"3,916.96€"
Cecilia Jensen,egestas.ligula.nullam@yahoo.edu,04-10-2008,Houdemont,"9,962.98€"
Alisa Morse,nibh@aol.net,28-03-2012,Konya,"4,948.12€"
Eric Blackwell,suspendisse.commodo.tincidunt@protonmail.com,12-11-1947,Paço do Lumiar,"2,509.46€"
Tana Molina,orci.ut@icloud.com,29-04-1971,Almería,"9,896.49€"
Rudyard Riddle,mattis.velit.justo@icloud.ca,09-11-2000,Melilla,"8,555.42€"
Anthony Riddle,risus.quis@icloud.net,01-11-1989,Finkenstein am Faaker See,"4,344.14€"
Chanda Villarreal,libero.est@icloud.org,06-09-2006,Pitt Meadows,"4,988.98€"
Aline West,euismod@hotmail.com,11-06-2007,Monacilioni,"1,540.00€"
Britanney Rocha,nunc.sed@outlook.couk,17-10-1948,Cao Lãnh,"7,194.14€"
Daria Rodriquez,eros.non@outlook.net,13-10-1954,Oroquieta,"8,288.10€"
Iliana Becker,ipsum.porta.elit@icloud.couk,29-10-1999,Palmerston,"4,376.88€"
Thaddeus Williamson,dolor@outlook.org,18-06-1944,Dublin,"8,343.75€"
Keegan Jones,dapibus.id@google.org,26-06-1979,Piotrków Trybunalski,496.27€
Virginia Dodson,orci.in.consequat@hotmail.couk,08-05-1946,Ełk,"6,131.12€"
Cedric Goodman,natoque.penatibus.et@hotmail.org,11-04-2002,São Gonçalo,"4,263.09€"
Roth Fitzgerald,integer@protonmail.edu,19-12-2021,Pskov,"2,969.49€"
Benedict Koch,ut.nulla@icloud.edu,20-05-2020,Hofors,"5,630.99€"
Xavier Cruz,nascetur@outlook.net,24-04-1944,Canberra,"4,918.31€"
Susan Gould,nulla@outlook.ca,02-06-1999,Galway,"3,265.39€"
Zeph Reese,nisi.a@google.ca,11-10-1978,Cork,258.45€
Solomon Fowler,a.facilisis@protonmail.org,15-01-1967,Geer,"5,627.05€"
Zephania Conner,cubilia@aol.couk,28-11-1962,Omsk,"3,164.73€"
Iris Rowe,blandit.nam@yahoo.edu,18-02-2018,Lathuy,"5,176.44€"
Graiden Hammond,fames.ac@aol.edu,05-09-1973,Torrevieja,"9,794.78€"
Kessie Luna,et@outlook.edu,14-03-1935,San Rafael,"1,165.55€"
Wilma Blair,arcu.curabitur@icloud.org,04-01-1954,Erciş,"9,974.37€"
Garrison Gillespie,magna.phasellus@aol.couk,14-03-1958,Masbate City,"6,944.98€"
Branden Steele,ac.mattis@aol.net,16-06-1954,Kristiansund,"3,608.11€"
Alyssa Gates,sociis.natoque.penatibus@hotmail.net,31-08-2021,Clementi,"1,892.95€"
Brynn Dawson,proin.ultrices.duis@hotmail.edu,22-02-1975,Villahermosa,"1,134.97€"
Hunter Wells,parturient.montes@yahoo.net,29-06-1937,Lambayeque,"9,475.72€"
Lacey England,neque.sed@aol.edu,27-07-2010,Vinh,"8,623.78€"
Orson Watts,placerat@yahoo.net,06-01-1961,Mackay,"4,016.41€"
Abel Pennington,ipsum@hotmail.com,01-12-1964,Jeju,"3,487.56€"
Athena Bonner,gravida.sit@protonmail.com,21-10-1966,Lidingo,"8,621.95€"
Yen Steele,luctus.sit.amet@aol.com,02-02-1988,Bedok,"3,507.30€"
Sydnee Hunter,lorem.ipsum@icloud.com,23-07-1949,Tula,"8,726.79€"
Jasmine Guzman,eget.volutpat.ornare@protonmail.couk,19-02-1946,Darwin,"8,105.97€"
Matthew Lee,suspendisse.tristique.neque@hotmail.edu,19-06-1981,Bastia,"8,727.69€"
Melinda Daugherty,a.enim@aol.net,15-08-1985,Wadgassen,"5,908.60€"
David Guthrie,feugiat.non@aol.edu,11-11-2001,Cajamarca,"3,170.15€"
Kiayada Dale,molestie@yahoo.edu,23-07-1965,Södertälje,"3,149.82€"
Hakeem Strickland,dolor@icloud.org,20-02-1976,Penrith,"7,746.18€"
Jackson Rios,nec.eleifend@yahoo.org,14-10-2009,Tame,"8,047.22€"
Mia Whitfield,nunc.ullamcorper@hotmail.ca,12-03-1970,Augusta,"9,684.83€"
Yoshi Middleton,cursus.in@hotmail.ca,30-05-2011,Yangsan,"2,892.28€"
Ivory Schultz,nisl.nulla@hotmail.edu,25-03-1938,Liaoning,"2,278.33€"
Leilani Washington,a.nunc@icloud.edu,29-04-2003,Darwin,"4,515.71€"
Eagan Talley,massa.quisque.porttitor@outlook.ca,09-05-1967,Didim,"2,435.27€"
Silas Dorsey,ipsum@outlook.org,15-05-1976,Palu,"6,269.67€"
Price White,nec.mauris.blandit@protonmail.net,23-06-1985,Porbandar,"2,676.65€"
Dora Pratt,nunc@hotmail.org,21-06-1980,Veere,"7,771.97€"
Grace Pace,lorem.donec@yahoo.edu,01-04-1960,Gijón,"3,995.51€"
Nathan Mcgee,lobortis.quis@outlook.com,25-07-1963,Vichte,"5,322.19€"
Yardley Aguilar,quisque.nonummy@google.ca,24-09-1954,Cairns,"8,817.05€"
Shoshana Contreras,in.faucibus.orci@outlook.ca,11-04-1938,Wonju,"7,584.14€"
Bernard Patterson,arcu@google.edu,25-10-1988,La Plata,"9,702.12€"
Deirdre Spence,eget.magna.suspendisse@outlook.com,01-06-1975,Gebze,"9,387.44€"
Danielle Nichols,elit.nulla@google.org,23-02-1979,Blenheim,"2,316.45€"
Oprah Kerr,nisi.dictum@hotmail.org,21-10-2019,Oaxaca,"4,997.10€"
Constance Bryan,mi@yahoo.org,10-04-1958,Ockelbo,"8,094.18€"
Phyllis Doyle,pharetra.quisque.ac@aol.net,01-08-1937,Przemyśl,"1,158.39€"
Mercedes Kent,nec.quam.curabitur@icloud.couk,23-08-1970,Fort Collins,"9,827.00€"
Ursula Langley,lorem.vitae@aol.org,19-05-1998,Piła,"8,665.63€"
Cameron Peterson,condimentum.eget@outlook.com,11-10-1988,Sevilla,"2,265.37€"
Willa Hernandez,gravida.nunc@aol.couk,01-01-1979,Blehen,"9,325.83€"
Darius Nixon,cursus.in@yahoo.com,31-05-1970,San Rafael,501.59€
Keiko Barton,magna.sed.eu@icloud.net,29-08-1998,Patos,"4,782.72€"
Ariel Wilkerson,odio.tristique@aol.com,23-12-2013,East Kilbride,697.44€
Eleanor Buckley,mauris@hotmail.couk,23-09-1960,Turrialba,"3,720.49€"
Imelda Holloway,elit.nulla@hotmail.couk,22-08-1968,Berlin,"7,951.05€"
Dane Clarke,aliquam.ornare.libero@aol.edu,19-08-1948,Murmansk,361.02€
Quinn Yang,morbi.accumsan.laoreet@yahoo.ca,17-06-1937,Limón (Puerto Limón],"4,344.66€"
Marshall Crawford,eget@aol.com,26-10-2010,Kremenchuk,"4,040.22€"
Mechelle Barker,justo@hotmail.com,25-05-2000,Drohobych,"8,386.21€"
Kerry Kinney,id.ante@hotmail.net,25-07-1952,Sokoto,"4,984.47€"
Jada Hendricks,est.mauris@aol.edu,07-05-1946,San Vicente de Cañete,"2,394.27€"
Thane Forbes,fusce@google.org,30-12-2004,Lillehammer,"4,684.82€"
Daquan Lang,erat@google.com,10-08-1999,Yorkton,"5,448.43€"
Dalton Jordan,interdum.enim.non@outlook.ca,21-01-1949,Ghizer,688.90€
Keith Sanders,pretium.et@google.edu,08-07-1971,Putre,"9,045.26€"
Guinevere Buck,auctor.velit.aliquam@protonmail.edu,12-08-1952,Tamworth,"9,136.18€"
Chaim Ramirez,nisi.sem@google.ca,02-11-1948,Mariquina,"7,511.99€"
Daquan Orr,dictum.sapien.aenean@aol.net,27-10-1947,Jeju,"7,390.17€"
Steven Blackwell,vulputate.risus@aol.ca,05-08-1955,Gansu,"5,606.52€"
Paula Rasmussen,ultricies.dignissim@yahoo.ca,29-04-1964,Columbus,378.37€
Micah Blackburn,odio.phasellus@yahoo.couk,11-12-1998,Grimma,"9,046.60€"
Laura Campos,quisque.fringilla@outlook.com,20-10-2000,Rüsselsheim,"9,918.13€"
Mollie Evans,id.magna.et@yahoo.org,24-02-1976,Thirimont,"5,515.15€"
Otto Fox,montes@outlook.couk,29-08-2002,Gojal Upper Hunza,"1,466.65€"
Simone Macias,sed@yahoo.net,25-04-1998,Gorontalo,"6,692.41€"
Allistair Cain,pellentesque@outlook.com,10-05-1956,Stargard Szczeciński,"6,144.87€"
Aretha Ward,eget@outlook.com,07-01-1975,Valparaíso de Goiás,"8,114.37€"
Juliet Saunders,aliquam.ornare@icloud.edu,05-11-2007,Mala,"4,938.82€"
Bernard Fuller,pede.cras@google.edu,26-08-2010,Besançon,"2,832.09€"
Stacy George,neque.et@icloud.org,23-09-2017,Chelyabinsk,"7,301.61€"
Len Dotson,mauris.nulla@protonmail.org,01-02-1968,Pachuca,"2,261.82€"
Scarlet Peck,pellentesque.habitant@icloud.com,30-08-1981,Istanbul,"6,466.38€"
Adele Chase,aenean@google.org,05-09-2019,Tanjung Pinang,"4,674.63€"
Deanna Parker,dis.parturient@hotmail.org,21-06-1952,Mati,959.13€
Dillon Shaffer,lectus.cum@protonmail.net,30-12-1979,Magdeburg,363.99€
Cullen Mcgowan,adipiscing@outlook.couk,25-12-2011,Uyo,"1,070.09€"
Cassandra Malone,aliquam.ultrices@icloud.couk,19-03-1954,Bursa,"6,127.59€"
Edward Dickson,arcu.nunc.mauris@outlook.com,14-05-1951,La Tebaida,893.06€
Kyle Rosales,turpis@icloud.net,27-08-1941,Houthalen,"7,504.07€"
Yoko Finley,pellentesque.habitant@outlook.ca,08-08-1996,Iligan,"9,286.27€"
Zenaida Simon,imperdiet.non.vestibulum@hotmail.ca,04-01-1990,Davao City,337.77€
Arden Barnes,mus@protonmail.ca,03-04-1989,Kupang,"3,251.52€"
Palmer Lopez,ligula@icloud.couk,16-06-1995,Bhind,"6,427.60€"
Kylynn Myers,faucibus.lectus.a@outlook.couk,02-06-2016,Whyalla,"4,604.43€"
Ginger Haynes,orci@hotmail.edu,18-12-1953,Billings,"8,920.96€"
Chase Scott,cubilia@outlook.com,24-07-1942,Mustafakemalpaşa,"4,901.97€"
Rae Mckinney,gravida.non.sollicitudin@aol.edu,06-03-2007,Ukkel,"8,931.46€"
Isabelle Lane,nisi.a.odio@protonmail.couk,08-05-2006,Ulloa (Barrial],"7,697.94€"
Astra Best,nibh.aliquam@yahoo.ca,04-04-1996,Cork,"4,215.60€"
Aquila Chandler,est.nunc.ullamcorper@google.edu,29-06-2012,San Isidro de El General,409.03€
Carlos Page,arcu.et@outlook.com,30-08-1962,Cork,"3,043.33€"
Carter Baird,phasellus.elit@aol.ca,06-04-1987,Vinnytsia,"2,381.17€"
Lacy Mcdaniel,cras.sed@icloud.org,03-12-1945,Levin,"9,242.64€"
Jolie Thompson,adipiscing.mauris@aol.org,24-08-1988,Bahawalpur,"7,165.00€"
Hop Wright,suspendisse.sed.dolor@icloud.org,01-08-1972,Cerchio,"5,709.15€"
Jelani Trujillo,nulla.at@icloud.org,28-10-1977,Jaboatão dos Guararapes,"3,385.20€"
Candice Cortez,felis@outlook.ca,30-11-1950,Jönköping,"1,527.57€"
Nehru Barrera,ac.feugiat@outlook.com,10-11-1973,Fairbanks,"3,627.34€"
Florence Bennett,sed@icloud.net,15-09-1999,Agartala,"5,304.81€"
Camden Maddox,tellus@outlook.org,19-05-1994,Albany,"2,755.43€"
Abra Barrett,phasellus@protonmail.com,09-06-1967,Warri,"7,083.65€"
Logan Scott,tristique.ac@outlook.com,20-04-2018,Mandai,"2,194.33€"
Kibo Lara,at.arcu@aol.net,11-10-1946,Oviedo,"8,663.49€"
Constance Holder,malesuada.vel.venenatis@yahoo.couk,23-02-1938,Nelson,"2,539.70€"
Alexandra Yates,sit.amet@aol.com,08-10-1938,Vremde,"8,999.71€"
Howard Rivers,pretium.neque.morbi@yahoo.net,13-05-1954,Raigarh,"2,310.22€"
Winter Lang,libero@google.com,24-01-1991,Zoetermeer,"7,996.80€"
Carla Mcneil,tortor@yahoo.edu,02-11-1946,Chimbote,"8,265.39€"
Dane Russo,tincidunt.dui@aol.net,21-07-2002,Siquirres,"2,038.38€"
Dora Shepherd,convallis.est@google.edu,31-01-2023,Broken Arrow,"7,057.99€"
Emery Shaw,convallis.ligula@yahoo.com,07-09-2009,Dublin,125.26€
TaShya Colon,luctus.ipsum@google.couk,31-05-1957,Launceston,"1,518.36€"
Garrett Carlson,duis@yahoo.edu,13-04-1956,Blue Mountains,"8,711.33€"
Farrah Bullock,mauris.quis@hotmail.net,28-02-1999,Çarşamba,"9,039.82€"
Kessie Bryant,mauris@aol.net,31-05-1934,Duque de Caxias,"2,771.84€"
Simon Nichols,et.malesuada.fames@google.edu,27-03-1945,Schellebelle,"8,177.05€"
Nathaniel Mendoza,tristique.senectus@protonmail.net,17-11-1982,Silay,"5,935.07€"
Autumn Graves,in.lorem@google.edu,20-01-1971,San Luis Potosí,"7,750.34€"
Anne Ray,ante.ipsum@protonmail.ca,15-07-1960,Central Water Catchment,"8,350.37€"
Uriel Jackson,nulla.ante.iaculis@google.net,07-08-1937,Ningxia,344.45€
Edan Hood,et.nunc@google.org,11-06-2003,Juliaca,"3,782.14€"
Harlan Herring,mollis.lectus@protonmail.couk,12-06-1964,Tarbes,"6,650.10€"
Guy Hull,vel.vulputate.eu@outlook.couk,10-02-2003,Cork,"1,870.73€"
Kylan Manning,fringilla.donec@outlook.ca,30-01-1990,Swabi,"1,499.15€"
Lee Burnett,lorem.vitae.odio@hotmail.net,26-10-1992,Maiduguri,"8,057.90€"
Kaseem Dunlap,dui.quis.accumsan@hotmail.couk,23-11-2019,Vienna,790.77€
Alana Day,nunc.commodo@hotmail.net,21-12-2000,Bahawalnagar,"6,183.93€"
Cherokee Mcfarland,velit.in@yahoo.couk,25-03-1979,Nieuwegein,"7,141.56€"
Brock Berry,scelerisque.scelerisque@outlook.couk,24-09-1972,Dublin,"8,870.17€"
Victoria Cannon,eget.venenatis@google.ca,02-01-1975,Lochristi,974.38€
Iliana Miranda,erat.in.consectetuer@protonmail.com,01-02-1971,Huntly,"4,625.36€"
Amaya Kline,sapien.gravida@aol.com,08-06-1965,Mâcon,"7,238.28€"
Christian Lester,id.mollis.nec@yahoo.couk,18-06-1952,Envigado,183.02€
Hakeem Hull,nulla@outlook.couk,09-04-2004,Annapolis Royal,"4,913.05€"
Nasim Medina,a@hotmail.edu,09-12-1942,Vĩnh Long,"5,277.91€"
Danielle Blevins,in.at.pede@icloud.edu,06-02-1943,Melsbroek,"2,731.56€"
Fuller Blackburn,mauris@outlook.com,10-03-1963,Dublin,"5,743.00€"
Barrett Levy,massa.integer@aol.couk,03-04-1955,Norrköping,"4,839.41€"
Porter Meyer,in.lorem.donec@protonmail.org,08-02-1953,Mâcon,"6,982.38€"
Natalie Hammond,vitae.sodales.nisi@hotmail.org,30-09-1987,Ramsey,"9,177.78€"
Briar Nguyen,purus.in@icloud.couk,11-02-2012,Cork,"6,473.55€"
Logan Rowe,ultrices.vivamus@aol.com,01-05-1963,Jönköping,"5,270.51€"
Jeremy Battle,vitae@aol.org,28-06-2014,Oaxaca,"9,346.47€"
Callum Hickman,id.blandit@icloud.couk,02-02-2003,Cajamarca,"2,809.30€"
Wyoming Harper,aliquet.diam.sed@hotmail.couk,17-09-1946,Oryol,"5,146.33€"
Grant England,enim@aol.edu,30-04-1961,Ikot Ekpene,"5,287.82€"
Amanda Mccoy,pellentesque.ultricies@outlook.org,18-10-1966,San Giovanni Lipioni,"8,236.45€"
Olivia Baird,nonummy.ut@protonmail.org,08-11-1950,Diyarbakır,"9,322.74€"
Vance Stuart,nisi.sem@google.com,30-03-1998,Tarakan,"2,664.90€"
Ivana Gibson,mauris.magna.duis@yahoo.org,02-09-1979,Forio,"4,176.37€"
Kai Rowland,diam@aol.edu,27-11-1985,Leersum,"4,033.06€"
Basil Perkins,justo.eu@aol.edu,17-09-1980,Iquitos,"7,062.53€"
Alec Green,consectetuer@icloud.edu,15-04-1939,Cañas,"2,493.91€"
Guy Donaldson,facilisis.suspendisse@google.org,07-10-2005,Odendaalsrus,"9,761.33€"
Juliet Torres,libero.proin@yahoo.ca,12-12-1970,Bida,"9,482.30€"
Vera Hunt,donec.feugiat@protonmail.edu,13-08-2017,Bargagli,514.84€
Dillon Aguirre,leo@google.edu,22-01-1978,Galway,"1,022.04€"
Conan Long,duis.sit.amet@icloud.com,07-02-1969,Tidore,774.97€
Britanni Love,ipsum.porta.elit@icloud.com,23-02-2023,Changwon,"5,342.79€"
Cecilia Diaz,vestibulum.ante.ipsum@aol.org,08-01-1991,Beersel,"8,647.05€"
Hu Blair,eget.tincidunt@outlook.edu,08-05-2007,Utrecht,"5,221.76€"
Eric Whitley,mi.lorem@yahoo.net,08-04-2023,Iqaluit,"7,059.49€"
Serina Wilson,ligula.eu@hotmail.net,11-04-1969,Musina,"6,288.43€"
Savannah Mays,sodales.mauris@icloud.net,22-03-1984,Rixensart,"7,078.50€"
Nerea Holt,sed.congue@aol.edu,04-11-1951,Ørsta,"3,533.07€"
Roth Gray,laoreet.ipsum@protonmail.net,02-05-1992,Shaanxi,"7,815.07€"
Amena Velazquez,ultrices.vivamus.rhoncus@yahoo.ca,13-04-1974,Kano,72.10€
Thane Atkinson,at.egestas@aol.edu,23-07-1971,Salzburg,"5,080.24€"
Ronan Madden,in.consequat.enim@outlook.ca,23-11-2013,Snaaskerke,"9,923.44€"
Garrett Sellers,nonummy.ultricies@aol.edu,22-01-1973,Kędzierzyn-Koźle,"6,046.99€"
Mira O'donnell,magna.praesent@icloud.org,21-08-1976,Tarakan,"5,130.18€"
Charde Lindsay,dapibus.rutrum.justo@google.com,10-04-2007,Darwin,"3,909.23€"
Ila Kirby,ut@google.edu,19-02-1948,Maringá,"5,635.26€"
Sarah Holden,ut@icloud.com,03-01-2009,Port Nolloth,"2,567.01€"
Harrison Vaughan,mauris.blandit@outlook.ca,29-12-1956,Dehradun,"2,957.54€"
Lunea Matthews,turpis.non.enim@hotmail.com,06-09-1998,Tranås,"5,226.59€"
Heather Tanner,lorem.ut@yahoo.com,26-08-1964,Oud-Turnhout,490.78€
Basil Branch,nec.ante@google.com,22-05-1962,Buôn Ma Thuột,"2,271.61€"
Destiny Flores,posuere@hotmail.edu,27-10-2009,Kırıkhan,"2,938.78€"
Savannah Clements,cras.vulputate@aol.org,22-01-1965,Opglabbeek,"8,648.77€"
Rogan Bowers,sodales.at.velit@yahoo.com,13-02-1983,Anseong,"5,885.07€"
Dora Roth,nunc.interdum@protonmail.net,29-06-2011,Irapuato,"5,499.97€"
Gay Bradshaw,nulla@yahoo.couk,26-07-1988,Biloxi,"4,335.50€"
Kalia Rios,in.lorem@google.com,13-01-1944,Phalaborwa,"8,851.72€"
Karen Conrad,at@google.com,13-09-1946,Zoetermeer,"5,651.79€"
Jenna Pearson,curabitur@icloud.edu,21-10-1951,İslahiye,"3,767.17€"
Ignacia Frost,elit.etiam@yahoo.couk,09-11-1994,Acapulco,"5,525.24€"
Howard Gomez,nec.tempus@icloud.com,04-10-1935,Birmingham,"4,693.53€"
Nell Knox,risus.quisque@hotmail.edu,18-06-1955,Hindeloopen,366.85€
Kirk Cobb,sed@yahoo.ca,29-08-2021,Kristiansund,"5,216.66€"
Lucius Patterson,tempus.non@icloud.couk,24-02-2022,Łomża,"8,451.22€"
Elaine Benson,nec@yahoo.ca,18-08-2002,North-Eastern Islands,"6,103.88€"
August Knight,donec.feugiat.metus@google.org,14-06-2016,Chungju,794.65€
Avye Joyner,laoreet@google.couk,13-02-1947,Acapulco,"3,757.43€"
September Forbes,ante.nunc@outlook.net,12-02-1937,Nelspruit,"1,431.26€"
Moses Bell,consectetuer@google.com,28-10-1937,Banjar,"8,730.88€"
Ruby Raymond,sed.nulla@aol.net,16-11-1954,Gasteiz,"3,339.85€"
Nora Daniel,magna.lorem@outlook.edu,02-10-1971,Beijing,"1,027.95€"
Eve Miranda,proin.vel.nisl@icloud.ca,29-09-1948,Crieff,"3,008.35€"
Celeste Waller,ac.tellus@aol.couk,29-11-1953,Alta,"8,845.20€"
Whoopi Dickson,integer.sem@hotmail.org,05-01-1950,Cromer,"3,260.93€"
Alisa Leach,donec@protonmail.com,13-09-1969,March,"2,260.07€"
Francesca Lucas,sit@yahoo.edu,15-02-2018,Ucluelet,"1,794.20€"
Timon Mccray,lorem@icloud.edu,02-11-1968,Paarl,"8,464.08€"
Jocelyn Good,quis@yahoo.net,23-12-1941,San Juan del Río,"7,824.52€"
Travis Wyatt,dolor.quam@yahoo.couk,06-01-1962,Olsztyn,"6,000.32€"
Damon Mcknight,ultrices.a@aol.org,11-04-2009,Tire,780.29€
Logan Savage,hendrerit@hotmail.org,18-07-1943,Srinagar,"3,342.92€"
Jade Steele,sed.neque@aol.edu,08-10-1953,Cotabato City,572.50€
Hakeem Riley,cras.sed@protonmail.ca,22-08-1976,Chilpancingo,"1,538.29€"
Quamar Randolph,et.magna@hotmail.couk,23-10-2002,Jiangsu,757.99€
Uma Whitaker,accumsan@icloud.org,02-04-1975,Wichelen,"1,291.58€"
Elvis Santos,hendrerit.neque@outlook.ca,06-12-1982,Mackay,"2,198.64€"
Abel Strickland,ultrices@google.edu,22-12-2018,Kurram Agency,"8,337.65€"
Simone Jenkins,mauris.ut@aol.com,30-08-1991,Grimma,"5,838.60€"
Graiden Mendoza,consectetuer.adipiscing.elit@yahoo.edu,29-10-1971,Giardinello,242.53€
Samson Massey,sit.amet@protonmail.com,09-12-1958,Sinaai-Waas,"3,115.60€"
Autumn Mcbride,at@aol.org,13-08-1981,Bollnäs,"5,735.66€"
Aladdin Hatfield,fringilla.donec@yahoo.net,08-03-1958,La Reina,"2,210.91€"
Berk Whitehead,in.tincidunt@yahoo.ca,24-05-1936,Kamianets-Podilskyi,"9,442.96€"
Duncan Patton,sapien.aenean@protonmail.couk,23-06-1943,Cajamarca,"4,800.66€"
Kalia Simmons,ac@outlook.com,25-10-1968,Lillesand,"8,405.81€"
Lynn Short,praesent@hotmail.org,18-05-1993,Yên Định,"9,770.18€"
Brody Foster,dolor@google.edu,13-04-1966,Chester,"3,850.86€"
Shaine Deleon,non.sollicitudin@aol.edu,04-12-1998,Brodick,"3,674.74€"
Raphael Hogan,lobortis@icloud.net,31-03-1998,Limoges,"9,914.93€"
Brianna Aguilar,sagittis@yahoo.ca,26-07-1935,Volda,"3,233.90€"
Mannix Stewart,urna@protonmail.org,04-10-2011,Ross-on-Wye,"5,617.91€"
Graham Simmons,nam@icloud.edu,30-10-1952,Zamboanga City,680.76€
Forrest Kemp,nonummy.ipsum.non@yahoo.ca,29-10-1996,Tijuana,"4,958.89€"
Thaddeus Martin,litora.torquent@outlook.org,06-10-2008,Nacimiento,"3,447.64€"
Lyle Bonner,tempus.risus.donec@icloud.edu,10-05-1945,Mezen,"5,456.22€"
Jermaine Moss,pellentesque.a@aol.org,01-09-2000,Heerlen,"2,885.40€"
Fredericka Cotton,cursus.et@google.org,01-10-1997,Ferrandina,"7,734.60€"
Brett Bridges,vivamus.molestie@yahoo.org,06-02-1963,Kearny,"2,408.35€"
Amery Summers,gravida.sit@hotmail.edu,25-09-2005,Zhejiang,"9,761.54€"
Camilla Pearson,mauris.elit@aol.edu,25-03-2000,Santander,"5,026.40€"
Aidan Ortega,cubilia.curae@aol.ca,29-01-1974,San Pablo,"8,534.82€"
Hillary Richards,integer.vulputate.risus@outlook.com,01-05-1950,Canberra,670.17€
Magee Burgess,egestas@protonmail.org,09-04-1936,Arauca,"3,505.53€"
Jakeem Madden,in.faucibus.orci@outlook.ca,21-07-1992,Narbonne,"5,844.02€"
Zeus Higgins,sit.amet@hotmail.net,29-08-1935,Oslo,"2,346.72€"
Lee Joyner,bibendum.ullamcorper@outlook.edu,24-03-1967,Gangneung,"4,828.14€"
Elvis Hood,sagittis.felis@yahoo.com,10-01-2016,Guadalupe,"4,674.63€"
Pearl Hull,malesuada.augue.ut@yahoo.com,05-12-1995,Ålesund,"9,972.82€"
Connor Spencer,arcu.vestibulum@google.edu,01-01-2009,San Vicente del Caguán,"6,984.94€"
Pandora Nunez,fusce.dolor@icloud.couk,11-03-1971,Jurong West,"5,070.63€"
Colorado Reeves,mauris@outlook.com,20-12-2000,Jilin,"9,980.00€"
Sonya Espinoza,tellus.imperdiet.non@icloud.couk,16-09-1968,Balclutha,"2,226.60€"
Ferris Ratliff,sodales.at.velit@yahoo.ca,09-11-1976,Galway,"2,058.16€"
Ali Mitchell,nonummy.ipsum@hotmail.org,17-01-1952,Duluth,"3,863.81€"
Yuri Maldonado,dui.cras.pellentesque@google.org,01-12-1950,Divinópolis,"1,467.82€"
Whilemina English,fringilla.porttitor@google.edu,20-07-1975,Lebowakgomo,"3,925.40€"
Orlando Snider,at@yahoo.org,23-01-2006,Liaoning,59.87€
Dale Mcgee,congue.in.scelerisque@google.com,11-11-1979,Cochin,"1,080.04€"
Joshua Beard,mauris.ut@protonmail.org,02-02-1992,Ulundi,"5,762.77€"
Sylvia Pope,nisi.mauris@hotmail.couk,19-01-1974,Hồ,"6,345.06€"
Fatima Bird,luctus@protonmail.org,11-11-1969,Almere,"5,344.03€"
Abigail Floyd,auctor.non@hotmail.org,14-03-1941,Melilla,"2,359.75€"
Brody Jackson,tortor.nibh.sit@protonmail.org,24-09-1963,Hattiesburg,"8,951.48€"
Cecilia Browning,a.felis.ullamcorper@aol.edu,16-03-1984,Camaçari,"8,774.38€"
Signe Carney,dui.fusce.aliquam@outlook.couk,17-06-1981,Campagna,718.17€
Destiny Ayers,convallis.dolor@outlook.edu,25-09-1989,Faridabad,"7,375.81€"
Amber James,non.bibendum.sed@hotmail.edu,19-07-1943,Lebu,"6,389.62€"
Flavia Howell,nisl.quisque.fringilla@aol.com,08-10-2011,Chichester,"6,038.24€"
Hayes Valdez,iaculis.odio.nam@yahoo.edu,10-12-1971,Galway,"4,826.16€"
Garrison Berger,lacus.pede.sagittis@hotmail.net,12-04-1996,Gansu,"4,976.89€"
Kimberley Bridges,metus.vivamus.euismod@hotmail.edu,24-11-1951,Piedras Negras,"4,559.01€"
Merrill Charles,aliquam.iaculis@aol.ca,25-03-1973,Gyeongsan,"1,341.19€"
Sydney Craig,blandit.nam.nulla@protonmail.com,30-09-1959,Brandon,"1,919.04€"
Nathan Schroeder,donec.est@outlook.ca,20-02-1937,Palmerston North,"6,200.23€"
Tatiana Mcconnell,eu.odio@outlook.edu,21-07-1962,Pontarlier,"9,860.98€"
Gail Holden,duis.sit@aol.ca,06-04-1976,Đông Hà,841.14€
Eaton York,semper@hotmail.ca,22-01-2022,Gangneung,"2,485.97€"
Tarik Ray,quam.vel@outlook.ca,28-11-1964,Freising,"6,689.63€"
Claudia Hudson,ultrices.vivamus@icloud.com,21-02-2015,Bedok,"6,138.44€"
Solomon Graham,feugiat@protonmail.couk,20-03-2005,Divinópolis,"7,169.42€"
Quon Burnett,enim.sed@yahoo.ca,20-07-2020,Białystok,"2,397.42€"
Zorita Riddle,diam.vel@aol.org,14-05-1992,Palma de Mallorca,"1,138.60€"
Ali Peck,id.nunc.interdum@outlook.ca,09-02-1981,Treguaco,"7,053.72€"
Shelby Hatfield,mauris.rhoncus.id@outlook.ca,14-02-2015,Murcia,"7,043.45€"
Alea Price,ornare.egestas@outlook.net,28-12-2002,Mangalore,"5,121.05€"
Hamish Christensen,ultrices.posuere@yahoo.com,30-12-1941,Schwerin,"8,763.67€"
Sierra West,phasellus.dapibus.quam@google.com,28-02-1982,Iquitos,"3,867.46€"
Nigel Guerra,a.enim.suspendisse@yahoo.com,10-02-1952,Opole,"6,877.74€"
Marny Pacheco,litora.torquent.per@aol.ca,17-11-2009,Körfez,"4,584.50€"
Carolyn Garrett,non.sapien@yahoo.org,08-02-1975,Jeongeup,"2,593.37€"
Josephine Contreras,risus.donec@google.com,09-10-1984,Teruel,"9,261.45€"
Pascale Savage,sed.sapien@protonmail.org,19-12-1989,Amsterdam,"7,101.18€"
Adrian Griffith,sit.amet.risus@aol.org,25-03-2010,Brovary,"8,173.29€"
Myles Avery,ut.tincidunt@protonmail.ca,04-09-1934,Brevik,"1,219.73€"
Wynne Hudson,sed.sem@protonmail.couk,19-10-1965,Canning,638.38€
Hanna Alvarado,ac.nulla@aol.org,05-06-1946,Tabaco,"7,975.53€"
Hu Newton,mauris@protonmail.ca,22-11-2021,Karacabey,"4,441.40€"
Brody Stevenson,vivamus@outlook.com,07-12-1955,Shaheed Benazirabad,"4,701.58€"
Brandon Vaughan,at.auctor@hotmail.com,05-06-2013,Turnhout,"3,079.49€"
Alec Johnson,sed@aol.com,21-10-1976,Cambridge Bay,"2,222.72€"
Morgan Mcfarland,dolor.donec@hotmail.net,24-05-2012,Cheonan,"4,321.44€"
Rooney Reyes,ac.urna@google.net,09-06-2015,Oklahoma City,"5,911.90€"
Kylynn Clayton,elit@icloud.edu,01-04-1934,Timaru,"4,090.81€"
Barclay Hill,ut.quam.vel@aol.couk,06-01-1972,Puno,"5,379.36€"
Fredericka Farley,quisque.imperdiet@hotmail.net,20-01-1992,Izium,"5,967.85€"
Noelle Henderson,pharetra.felis@protonmail.edu,16-10-1996,Downtown Core,"3,003.83€"
Eaton Ingram,nunc.sed@outlook.couk,28-04-2007,Hamburg,"4,262.02€"
Malachi Brady,ac@hotmail.net,21-11-1961,Tullibody,"5,193.91€"
Dawn Bartlett,dolor.nulla.semper@protonmail.couk,02-03-2021,Kupang,"2,347.62€"
Brent Graves,condimentum.eget@hotmail.com,08-11-1958,Itabuna,"7,359.33€"
Paul Tyler,vestibulum.lorem@aol.ca,20-06-2020,Ribeirão Preto,"3,741.50€"
Katell Richards,quis.diam@google.couk,22-04-1938,Innsbruck,"8,685.02€"
Isaac Wiley,ac.mattis.semper@yahoo.org,02-11-2021,Conselice,"3,561.96€"
Emery Barry,sem.magna@yahoo.com,09-03-1997,Terme,"2,239.33€"
Reuben Glover,magna@yahoo.couk,09-11-1940,Forchtenstein,"9,324.36€"
Jorden Parrish,nibh.lacinia@google.couk,11-05-2021,Tam Kỳ,"6,189.76€"
Vivien Adkins,sit.amet@google.couk,02-11-1987,Fairbanks,"5,156.83€"
Sybil Pratt,sem.semper.erat@protonmail.ca,18-10-2002,Sant'Angelo a Cupolo,"7,508.11€"
Wesley Doyle,sed@aol.edu,30-07-2010,Siquirres,"4,452.36€"
Gil Williamson,ridiculus.mus@hotmail.ca,14-06-1960,Yunnan,827.25€
Gemma Garza,egestas.rhoncus.proin@outlook.ca,05-03-1987,Cajamarca,924.46€
Irene Solomon,tellus.id@icloud.couk,10-09-2016,Lagos,"8,690.81€"
Hu Camacho,accumsan.laoreet@aol.com,05-03-1961,Guápiles,"3,277.33€"
Sara Mccray,neque.sed@google.couk,07-09-1956,Ørsta,"6,714.76€"
Solomon Hernandez,eu.nibh.vulputate@google.edu,06-02-1984,Alexandra,"6,876.63€"
Hayes Dillon,sagittis.duis@protonmail.org,09-01-1978,Ganganagar,"5,905.44€"
Alan Reynolds,commodo.auctor.velit@outlook.net,17-04-1986,Belfast,"7,220.29€"
Sonia Arnold,convallis.convallis@icloud.ca,29-09-1958,Palmerston,"5,719.58€"
Yolanda Cannon,sit.amet@outlook.ca,30-03-1996,Oyace,"4,880.02€"
Veda Vasquez,tempor.arcu.vestibulum@yahoo.couk,07-05-1953,Liverpool,"4,733.37€"
Austin Atkinson,magna.ut.tincidunt@hotmail.net,20-01-2011,Heilongjiang,"3,411.25€"
Tatyana Dixon,urna@outlook.couk,12-07-1983,Henstedt-Ulzburg,"7,869.45€"
Bryar Johns,elit.fermentum.risus@yahoo.couk,25-07-1971,Pironchamps,"4,764.77€"
Inga Bryant,sem.ut@google.net,01-03-1962,Bremen,"7,497.47€"
Yvonne Hopkins,dapibus.rutrum@icloud.org,12-01-1985,Termoli,"9,822.92€"
Kareem Mendoza,tempus.risus.donec@outlook.org,06-10-1964,Marawi,"3,354.53€"
Laith Jimenez,ligula@protonmail.couk,06-01-1987,Sandviken,"4,147.58€"
Debra Underwood,nonummy.ut@aol.couk,15-04-1938,Belfast,"2,909.39€"
Thomas Crawford,fringilla@aol.ca,02-06-1958,Calapan,"8,892.76€"
Alfreda Albert,id.sapien@protonmail.net,18-03-2005,Oleksandriia,"7,373.08€"
August Stone,pede@icloud.ca,17-12-1969,Secunda,"4,014.47€"
Nita Maynard,sodales@icloud.ca,06-12-2001,Lunel,"6,041.54€"
Hanna Baxter,ipsum.sodales@aol.edu,15-10-2009,Ambon,"7,280.32€"
Brenna Walton,amet.ultricies@icloud.net,09-03-1962,Bạc Liêu,"2,494.39€"
Lael Jones,pede.ac.urna@icloud.org,02-01-2022,Jørpeland,"2,128.02€"
Galvin Tyson,at.arcu@hotmail.net,30-01-1954,Port Augusta,"4,799.80€"
Harrison Juarez,eu.tellus@yahoo.net,22-06-2003,Ladysmith,"5,271.02€"
Lavinia Montoya,ultrices.mauris.ipsum@outlook.ca,28-04-1967,Manado,"9,866.38€"
Phelan Quinn,tristique.neque.venenatis@aol.org,01-02-1976,Huaraz,"4,700.28€"
Celeste Copeland,vulputate.risus@aol.com,03-11-1944,Koszalin,"8,002.56€"
Shana Hutchinson,nulla.in@yahoo.org,15-12-1933,Sarpsborg,"4,457.85€"
Zane Gill,suspendisse.sagittis@aol.org,26-11-2021,Fratta Todina,"4,605.23€"
Amal Craig,parturient.montes.nascetur@yahoo.org,01-07-2000,Hebei,"6,797.57€"
Chase Finley,est@yahoo.net,13-08-1941,Lakeland County,408.27€
Aaron Sandoval,adipiscing.elit.etiam@outlook.edu,20-02-1958,Sandviken,"4,301.20€"
Britanni Moore,fusce.aliquet.magna@outlook.net,01-07-2008,Passi,"3,211.13€"
Magee Briggs,morbi.vehicula@hotmail.net,27-10-1980,Molde,"6,783.18€"
Farrah Sargent,convallis.ante@hotmail.org,06-01-1948,Ligosullo,"1,918.55€"
Victoria Reese,auctor.non@hotmail.edu,23-11-1978,Kozan,"5,987.61€"
Gwendolyn French,lacinia.sed@outlook.couk,14-08-1971,Township of Minden Hills,"5,612.54€"
TaShya Aguilar,hendrerit@google.org,01-03-2017,Haguenau,"9,862.44€"
Hop Pickett,sapien.cursus.in@hotmail.ca,08-01-1953,Pachuca,"9,701.13€"
Branden Pruitt,etiam@yahoo.com,14-11-1967,Lipetsk,"7,296.22€"
Matthew Martin,dis.parturient.montes@outlook.org,16-03-2019,Temuco,"5,380.26€"
Chaim Wilcox,mus.proin.vel@google.com,07-01-2022,Chilpancingo,"7,986.20€"
Galvin Richardson,dolor.fusce@protonmail.edu,26-12-2007,Vĩnh Long,"5,097.42€"
Dexter Medina,nascetur.ridiculus@outlook.net,28-06-1992,Lourdes,"3,747.27€"
Jarrod Santiago,urna.vivamus@yahoo.org,07-06-1997,Limón (Puerto Limón],"9,328.81€"
John Douglas,est.mollis.non@google.net,23-12-1956,Tacoma,"7,242.62€"
Basia Callahan,sit.amet.metus@aol.com,17-04-1984,Yishun,"1,760.62€"
Keely Middleton,duis@yahoo.ca,22-01-2006,Neelum Valley,796.45€
Ahmed Christian,hymenaeos.mauris.ut@icloud.ca,15-03-1997,Santa Luzia,"8,049.96€"
Juliet Tanner,morbi.tristique@icloud.couk,04-12-1995,Otukpo,"8,666.63€"
Rhoda Jennings,orci.luctus.et@protonmail.ca,26-08-1949,East Linton,"4,157.08€"
Damon Bradshaw,eros.proin@icloud.edu,06-05-1978,Colbún,"6,362.18€"
Kylynn Fowler,magna.lorem@hotmail.com,28-01-1941,Puerto Princesa,"2,201.10€"
Clarke Goodman,odio.vel@icloud.edu,06-10-1951,Itajaí,"6,756.42€"
Callie Lowery,mi.tempor@aol.com,24-04-1957,Finspång,"1,361.55€"
Amaya Warren,parturient.montes@hotmail.ca,28-03-1950,Central Water Catchment,92.17€
Cleo Dawson,lorem.ipsum.dolor@outlook.net,19-12-1958,Squillace,"8,963.78€"
Castor Mccarthy,sociis.natoque.penatibus@google.org,10-05-1962,Gumi,"7,568.87€"
Vance Shepherd,lacus@outlook.couk,01-05-1963,San Diego,"1,135.90€"
Lars Fowler,erat.volutpat.nulla@icloud.net,22-01-1939,Governador Valadares,"4,316.38€"
Cyrus Nguyen,a.auctor.non@protonmail.org,27-02-1934,Deurne,"5,000.02€"
Basil Ochoa,augue@icloud.ca,01-08-1998,Värnamo,"7,649.58€"
April Snow,at@icloud.couk,04-02-2019,Puntarenas,"8,241.79€"
Abra Orr,hendrerit@icloud.org,22-06-1980,Heilongjiang,"5,405.06€"
Aphrodite Mueller,sit.amet.ultricies@google.couk,09-04-1977,Popayán,"8,333.82€"
George Mcknight,mauris.elit@yahoo.edu,01-11-1968,Rangiora,"5,031.20€"
Christian Dillard,semper.tellus@google.edu,23-03-1934,Rutigliano,"2,594.51€"
Amery Simpson,non.massa.non@protonmail.edu,02-03-1945,Göksun,76.46€
Kamal Hays,augue.id@outlook.couk,25-06-1973,Geesthacht,"3,153.69€"
Wing Hernandez,ligula.eu.enim@yahoo.net,23-01-1961,Mosjøen,"1,075.75€"
Iliana Gill,magnis.dis@hotmail.couk,18-04-1995,Cauquenes,673.86€
Chadwick Becker,elementum.dui@outlook.couk,17-11-1954,Jecheon,"4,147.92€"
Rosalyn Briggs,diam.duis@aol.couk,10-06-1936,Kẻ Sặt,"9,969.39€"
Gabriel Clemons,diam@hotmail.edu,09-07-1961,Punggol,"4,096.72€"
Iliana Harmon,et.netus@yahoo.edu,17-09-2021,Anzegem,"9,706.02€"
Harriet Stanton,nulla.tempor@hotmail.edu,07-09-1985,Santa Bárbara,"4,703.45€"
Imogene Shaw,ultricies.ornare@google.ca,03-07-2005,Fallais,"3,648.30€"
Xenos Martin,egestas@google.com,24-01-2015,Cartago,"1,475.13€"
Melissa Kent,dis.parturient@outlook.edu,13-10-1941,Stirling,"6,629.35€"
Maryam Caldwell,massa.mauris.vestibulum@protonmail.couk,14-08-2004,Oaxaca,"8,518.20€"
Fulton Page,eleifend@protonmail.couk,17-09-1972,Bowling Green,"3,780.06€"
Lionel Taylor,sollicitudin.commodo@aol.org,05-08-1991,Ried im Innkreis,529.82€
Akeem Crosby,ullamcorper.nisl.arcu@hotmail.org,14-08-2016,Lambayeque,"1,751.14€"
Allen Lynch,dictum.magna@yahoo.couk,05-12-1948,Asan,"1,278.04€"
Dorothy Murray,lorem.vitae.odio@icloud.net,27-08-1989,Port Augusta,"2,644.81€"
Diana Hester,at.velit.cras@aol.net,01-08-1992,Lithgow,"9,028.59€"
Warren Frank,lectus.quis@aol.couk,19-05-2002,Serik,70.49€
Malachi Valdez,in.at@protonmail.couk,02-12-2016,Sokoto,"9,597.47€"
Lane Sykes,non.lacinia@outlook.org,25-04-2015,Ceuta,861.24€
Jena Butler,blandit.congue@yahoo.edu,23-10-1981,Seshego,"9,948.35€"
Elvis Clark,nec.imperdiet.nec@icloud.ca,06-10-1942,Volokolamsk,"5,684.74€"
Cathleen Bean,orci.quis@hotmail.org,26-12-1933,Bafra,"2,386.25€"
Baxter Richards,lorem.eget.mollis@yahoo.org,26-01-2002,Ijebu Ode,"8,965.91€"
Byron Tyson,aliquam.iaculis@outlook.com,16-07-1981,Istmina,"6,464.04€"
Luke Camacho,enim.mi@icloud.com,13-08-2021,Malaybalay,"5,197.90€"
Preston Ortega,duis@protonmail.net,18-08-2021,Jambi,"8,956.35€"
Selma Goodman,blandit@google.edu,29-11-2006,Market Drayton,"8,087.88€"
Wang Washington,sed@aol.ca,13-05-1975,Gravataí,"1,472.36€"
Reuben Castaneda,morbi.tristique.senectus@aol.ca,17-06-1978,Barranquilla,"8,357.38€"
Geoffrey Jarvis,luctus@aol.ca,13-01-1988,Sant'Egidio del Monte Albino,"5,355.65€"
Suki Huffman,mauris.eu@hotmail.ca,04-05-1934,Nasirabad,"5,210.42€"
Rhonda Pennington,vulputate.risus@yahoo.couk,30-10-2013,Plato,"6,771.42€"
Vivian Barr,id@protonmail.edu,30-09-1981,Soweto,"2,787.80€"
Melyssa Lee,in.felis@icloud.org,07-05-2018,Whitchurch-Stouffville,"7,357.78€"
Brennan Snow,tincidunt.orci@yahoo.edu,12-03-1936,Baubau,"3,421.52€"
Christian Fox,eget.metus@icloud.org,13-09-1965,Kingston-on-Thames,"6,766.34€"
Nayda Griffith,nullam@protonmail.edu,17-08-2017,Kungälv,"9,936.13€"
Neve Cruz,sociis.natoque@icloud.edu,03-09-1974,Veenendaal,"3,490.64€"
Amela Bridges,nisl.elementum@yahoo.com,27-12-1971,Langesund,786.72€
Cleo Hines,eros.nam@google.couk,14-11-2008,Oviedo,"9,872.09€"
Gisela Witt,lectus.convallis.est@aol.com,22-03-1973,Cañas,"2,317.28€"
Emily Lang,lobortis.mauris@protonmail.couk,28-01-1965,Mala,"3,272.19€"
Jaden Duncan,pede@protonmail.org,25-01-1985,Pozo Almonte,"9,662.07€"
Vance Collins,in.ornare.sagittis@protonmail.com,11-09-1982,Sudhanoti,"1,300.68€"
Hayley Smith,nulla.dignissim@aol.org,06-02-2016,Curaco de Vélez,"5,052.85€"
Colin Estes,nisl.elementum.purus@outlook.com,15-01-2013,Piła,"1,004.37€"
Davis Tyler,suspendisse.non@aol.couk,26-10-1938,Ilhéus,960.63€
Dean Alston,fringilla@google.org,31-12-2012,Vadsø,"6,440.88€"
Axel Colon,in.lorem.donec@aol.edu,10-07-1950,Weiz,"4,981.09€"
Barrett Solomon,justo@yahoo.ca,04-10-1956,Galway,"4,517.84€"
Georgia Robbins,morbi.quis@icloud.ca,16-03-2023,King William's Town,"6,954.69€"
Kiayada Small,in@yahoo.net,05-02-1963,Tomsk,"1,217.13€"
Merrill Donaldson,nibh@outlook.net,23-08-1967,Hall in Tirol,"6,289.35€"
Nelle Madden,pharetra.felis.eget@outlook.org,09-08-2008,Warren,"4,457.47€"
Dale Macdonald,nec@protonmail.ca,04-11-1975,Springfield,561.53€
Felicia Jimenez,rhoncus.proin@aol.com,22-06-1981,Bremen,"2,262.83€"
Kane Pitts,molestie.tellus@google.net,04-07-1971,My,"5,726.23€"
Beck Tran,dictum@google.net,06-02-2000,Astore,"7,498.42€"
Claire England,vivamus.non.lorem@outlook.ca,27-09-1988,Cork,"3,928.75€"
Lara Faulkner,interdum.libero.dui@icloud.org,27-02-1968,Ravenstein,"7,765.16€"
Tatiana Fields,donec.nibh.enim@icloud.ca,28-12-2012,Heilongjiang,671.87€
Basil Evans,dolor.vitae.dolor@icloud.com,05-12-2001,Zhytomyr,"3,459.96€"
Celeste Harrison,rutrum@google.org,20-10-1990,Puerto Princesa,"9,561.01€"
Gray Reed,ante.vivamus.non@aol.couk,15-07-1959,Panihati,"3,700.62€"
Christopher Freeman,tempus@hotmail.com,11-03-2004,Lào Cai,"6,331.88€"
Leonard Holt,lorem@outlook.edu,18-08-1971,Aizwal,"8,516.09€"
Wanda Wright,sed.facilisis.vitae@aol.couk,15-03-1992,Villahermosa,"5,231.74€"
Wynne Nicholson,at.velit.cras@outlook.org,29-05-1975,Buizingen,"4,809.21€"
